{
    "parent": "item/generated",
    "textures": {
        "layer0": "item/redstone"
    },
    
    "overrides": [
            {"predicate": {"custom_model_data":524100}, "model": "spell/circle/damage_1"},
            {"predicate": {"custom_model_data":524101}, "model": "spell/circle/overlap"},
            {"predicate": {"custom_model_data":524102}, "model": "spell/circle/redstone"},
            {"predicate": {"custom_model_data":524103}, "model": "spell/circle/teleport"},
            {"predicate": {"custom_model_data":524104}, "model": "spell/circle/emitter"},
            {"predicate": {"custom_model_data":524105}, "model": "spell/circle/receiver"},
            {"predicate": {"custom_model_data":524200}, "model": "spell/gui/spell_binder"},
            {"predicate": {"custom_model_data":524999}, "model": "spell/circle/placeholder"}
        ]
}
