{   "parent": "block/thin_block",
    "textures": {
    "spell": "spell/circle/damage_1"
    },
    "elements": [
        {   "from": [ -16, 0, -16 ],
            "to": [ 32, 0.25, 32 ],
            "faces": {
                "down":  { "uv": [ 0,  16, 16, 0 ], "texture": "#spell" },
                "up":    { "uv": [ 0,  0, 16, 16 ], "texture": "#spell" }
            }
        }
    ],
    "display": {
        "head": {"rotation":[0,0,0],"translation":[0,0,0],"scale":[3,1,3]},
        "fixed": {"rotation":[90,0,0],"translation":[0,0,0],"scale":[3,1,3]},
        "ground": {"rotation":[90,0,0],"translation":[0,0,0],"scale":[3,1,3]},
        "gui": {"rotation":[90,0,0],"translation":[7,-7,0],"scale":[1,1,1]}
    }
}
